# Illustrative political lean of well-known subreddits, on the AllSides-style
# -2..+2 scale (left .. right). Used by ingest_politosphere.py to ORIENT and
# VALIDATE the ideal-point axis (the learned axis is sign-arbitrary; these leans
# fix its orientation and give a lean_corr / agreement number).
#
# These are coarse, contested, and time-dependent labels (subreddit cultures
# shift) -- exactly like the outlet-lean caveat in rwe/mind.py. For a paper,
# replace with a vetted, multi-rater labeling and cite it. Names match Reddit's
# canonical casing but are matched case-insensitively.
subreddit,lean
# --- right ---
Conservative,2
Conservatives,2
Republican,2
The_Donald,2
AskTrumpSupporters,2
askaconservative,2
ConservativesOnly,2
NoLeftMedia,2
# --- lean right ---
Libertarian,1
progun,1
Republican_misfits,1
tuesday,1
# --- center ---
NeutralPolitics,0
moderatepolitics,0
centrist,0
geopolitics,0
PoliticalDiscussion,0
# --- lean left ---
neoliberal,-1
hillaryclinton,-1
JoeBiden,-1
BlueMidterm2018,-1
VoteBlue,-1
# --- left ---
democrats,-2
progressive,-2
Liberal,-2
SandersForPresident,-2
Political_Revolution,-2
WayOfTheBern,-2
socialism,-2
Anarchism,-2
Marxism,-2
LateStageCapitalism,-2
ChapoTrapHouse,-2
# --- expanded batch (2026-06; raises overlap with the filtered Politosphere set) ---
# right (+2)
conservatives,2
AskThe_Donald,2
Vote_Trump,2
HillaryForPrison,2
Sorosforprison,2
Le_Pen,2
The_Farage,2
walkaway,2
uncensorednews,2
tea_party,2
DrainTheSwamp,2
# lean right (+1)
randpaul,1
LibertarianPartyUSA,1
Anarcho_Capitalism,1
goldandblack,1
shitstatistssay,1
KotakuInAction,1
MensRights,1
# center (0)
CapitalismVSocialism,0
Ask_Politics,0
# lean left (-1)
PoliticalHumor,-1
# left (-2)
communism,-2
communism101,-2
DebateCommunism,-2
FULLCOMMUNISM,-2
Socialism_101,-2
COMPLETEANARCHY,-2
DebateAnarchism,-2
Anarchy101,-2
ShitLiberalsSay,-2
EnoughTrumpSpam,-2
esist,-2
Fuckthealtright,-2
GamerGhazi,-2
